houseId,residentName,balance,lastPaidMonth,lastPaidDate,firstPaidMonth,totalPaid
,,-15,,,,
,,-14,,,,
,,-4,,,,
,,-10,,,,
,,-4,,,,
,,-10,,,,
,,-12,,,,
,,-7,,,,
,,-3,,,,
,,-3,,,,
,,-4,,,,
,,-10,,,,
,,-3,,,,
,,-18,,,,
,,-19,,,,
,,-4,,,,
,,-6,,,,
,,-20,,,,
,,-16,,,,
,,-4,,,,
,,-6,,,,
,,-9,,,,
,,-4,,,,
,,-4,,,,
,,-9,,,,
,,-3,,,,
,,-3,,,,
,,-4,,,,
,,-5,,,,
,,-3,,,,
,,-4,,,,
,,-20,,,,
,,-9,,,,
,,-10,,,,
,,-6,,,,
,,-7,,,,
,,-8,,,,
,,-20,,,,
,,-5,,,,
,,-8,,,,
,,-14,,,,
,,-4,,,,
,,-4,,,,
,,-19,,,,
,,-5,,,,
,,-16,,,,
,,-5,,,,